año,"2,5 - 3,5","3,5 - 4,5","4,5 - 5,5","5,5 - 6,5","6,5 - 7,5","7,5 - 8,5","8,5 - 9,5","9,5 - 10,5",Total
1900,1,2,1,0,9,4,0,0,17
1901,0,1,1,1,14,2,0,0,19
1902,0,3,4,4,6,4,0,0,21
1903,1,4,4,2,10,2,0,0,23
1904,1,2,5,6,15,2,0,0,31
1905,3,1,13,20,39,7,0,0,83
1906,3,8,5,41,42,8,1,0,108
1907,3,2,12,36,34,5,0,0,92
1908,1,5,4,9,26,0,0,0,45
1909,1,4,12,16,32,5,0,0,70
1910,1,3,9,22,42,3,0,0,80
1911,1,3,5,16,26,6,0,0,57
1912,1,2,25,51,32,2,0,0,113
1913,1,5,4,42,38,4,0,0,94
1914,3,4,7,35,28,4,0,0,81
1915,4,3,8,58,25,3,0,0,101
1916,0,8,10,46,30,2,0,0,96
1917,1,4,27,92,33,4,0,0,161
1918,1,1,11,89,30,5,0,0,137
1919,0,0,11,69,28,4,0,0,112
1920,0,0,8,69,20,4,0,0,101
1921,0,1,4,49,26,2,0,0,82
1922,0,0,7,55,37,2,1,0,102
1923,0,0,11,73,43,3,0,0,130
1924,0,1,11,92,26,2,0,0,132
1925,0,1,16,114,35,0,0,0,166
1926,0,1,28,212,33,1,0,0,275
1927,0,0,43,241,25,1,0,0,310
1928,0,2,48,219,36,5,0,0,310
1929,0,2,41,238,30,3,0,0,314
1930,0,3,69,200,23,1,0,0,296
1931,0,2,41,227,27,7,0,0,304
1932,224,52,53,157,21,5,0,0,512
1933,379,187,79,206,25,2,0,0,878
1934,249,69,64,191,31,5,0,0,609
1935,332,99,43,187,26,4,0,0,691
1936,249,52,54,192,31,2,0,0,580
1937,223,42,44,174,25,2,0,0,510
1938,182,54,56,221,42,10,1,0,566
1939,191,55,41,171,20,7,0,0,485
1940,181,106,45,166,20,5,0,0,523
1941,181,65,37,139,27,4,0,0,453
1942,190,100,18,117,25,5,0,0,455
1943,176,57,11,110,33,7,0,0,394
1944,151,69,12,80,33,3,0,0,348
1945,125,34,12,93,19,2,0,0,285
1946,286,85,20,107,22,6,1,0,527
1947,438,77,28,96,28,5,0,0,672
1948,338,49,37,120,34,2,0,0,580
1949,368,69,27,99,26,5,0,0,594
1950,273,84,34,182,25,6,1,0,605
1951,189,47,37,206,25,3,0,0,507
1952,195,282,88,267,28,2,1,0,863
1953,444,93,38,188,32,2,0,0,797
1954,386,152,93,177,33,1,0,0,842
1955,250,72,43,179,30,1,0,0,575
1956,190,165,129,184,19,2,0,0,689
1957,156,124,41,265,46,5,1,0,638
1958,142,89,53,293,15,4,0,0,596
1959,266,98,97,246,26,1,0,0,734
1960,742,115,14,242,30,5,0,1,1149
1961,499,110,27,218,28,2,0,0,884
1962,625,158,31,187,28,0,0,0,1029
1963,791,158,50,265,36,7,1,0,1308
1964,462,113,133,424,40,2,1,0,1175
1965,526,132,125,483,33,5,1,0,1305
1966,465,116,190,357,30,5,0,0,1163
1967,563,134,174,372,39,0,0,0,1282
1968,783,172,195,479,42,6,0,0,1677
1969,928,192,177,440,36,4,0,0,1777
1970,774,106,193,424,50,2,0,0,1549
1971,1219,272,423,451,45,5,0,0,2415
1972,845,104,354,497,32,4,0,0,1836
1973,995,1391,2609,378,25,3,0,0,5401
1974,2214,1432,2715,338,28,2,0,0,6729
1975,4033,1467,2924,382,30,8,0,0,8844
1976,2815,1190,3165,428,34,4,0,0,7636
1977,2334,867,3181,407,20,6,0,0,6815
1978,4558,2608,5864,770,54,8,0,0,13862
1979,3042,1846,2969,333,22,3,0,0,8215
1980,3699,2465,3168,320,26,2,0,0,9680
1981,2779,1778,2967,295,25,2,0,0,7846
1982,3199,1747,3221,324,28,0,0,0,8519
1983,4236,2049,3673,398,52,1,0,0,10409
1984,3352,1896,3647,442,35,2,0,0,9374
1985,3419,2319,4095,432,44,3,0,0,10312
1986,5172,2653,4032,447,36,3,0,0,12343
1987,4349,2528,3518,443,58,2,0,0,10898
1988,4632,2469,3524,444,41,3,0,0,11113
1989,5642,2654,3536,442,32,2,0,0,12308
1990,4867,2923,3902,475,48,5,0,0,12220
1991,5515,3101,3669,385,41,3,0,0,12714
1992,10895,4660,3860,480,49,2,0,0,19946
1993,7954,4191,3725,416,44,4,0,0,16334
1994,8856,3988,3699,449,47,5,0,0,17044
1995,6618,7347,4113,523,61,5,0,0,18667
1996,5303,8694,4134,486,48,6,0,0,18671
1997,5846,7025,4134,410,40,4,0,0,17459
1998,7704,7800,3417,349,34,4,0,0,19308
1999,8669,6912,3626,403,35,4,0,0,19649
2000,6302,7069,4458,504,41,7,0,0,18381
2001,7820,8144,4238,400,35,7,0,0,20644
2002,10276,8417,4519,408,30,6,0,0,23656
2003,11108,8342,4653,432,46,5,0,0,24586
2004,11588,10003,5612,526,41,2,1,0,27773
2005,11252,12210,7347,486,40,4,1,0,31340
2006,12935,12493,6568,467,35,5,0,0,32503
2007,11972,11771,6667,549,48,10,0,0,31017
2008,12851,13907,5799,462,44,2,0,0,33065
2009,6024,3539,5538,471,37,8,0,0,15617
2010,11332,6518,6655,498,55,5,1,0,25064
2011,6756,6956,8870,656,54,3,1,0,23296
2012,6687,6091,6745,403,35,5,1,0,19967
2013,6469,6951,6750,406,49,6,0,0,20631
2014,10040,10246,7853,426,49,5,0,0,28619
2015,10575,9325,6707,388,50,8,0,0,27053
2016,8730,9081,6970,424,39,7,0,0,25251
2017,8623,7884,5975,358,36,3,0,0,22879
2018,24936,8979,7087,440,37,7,0,0,41486
2019,11964,7536,6768,410,30,3,0,0,26711
2020,16590,9244,6106,376,25,4,0,0,32345
2021,10220,9717,8397,517,39,6,0,0,28896
2022,9792,9353,7319,405,40,2,0,0,26911
2023,9574,10076,7131,467,47,6,0,0,27301
2024,9621,9135,6053,316,27,1,0,0,25153
2025,9548,11094,8045,468,38,6,1,0,29200
2026,7560,6408,4654,295,23,4,0,0,18944
Total,430045,334976,274496,35453,4243,495,16,1,1079725
